{"map": [[1, 1, 1, 1, 1, 1, 1, 1, 1, 1, 1, 1, 1, 1, 1, 1, 1, 1], [1, 0, 0, 0, 1, 1, 0, 0, 0, 0, 0, 0, 1, 0, 0, 0, 0, 1], [1, 0, 0, 0, 0, 1, 0, 0, 0, 0, 0, 0, 0, 0, 1, 0, 1, 1], [1, 0, 0, 0, 0, 0, 0, 0, 0, 0, 0, 0, 0, 0, 0, 0, 0, 1], [1, 0, 0, 0, 0, 1, 0, 0, 0, 0, 0, 0, 0, 0, 0, 0, 0, 1], [1, 0, 2, 0, 1, 1, 0, 0, 1, 0, 0, 0, 0, 0, 0, 1, 0, 1], [1, 0, 0, 1, 0, 1, 0, 0, 0, 0, 0, 0, 0, 0, 0, 1, 0, 1], [1, 0, 0, 1, 0, 0, 1, 1, 0, 0, 0, 0, 0, 0, 0, 0, 1, 1], [1, 0, 0, 1, 0, 0, 0, 0, 0, 0, 1, 0, 0, 1, 0, 0, 1, 1], [1, 0, 2, 1, 0, 0, 1, 0, 0, 0, 0, 0, 0, 0, 0, 0, 0, 1], [1, 0, 0, 1, 1, 0, 0, 0, 0, 0, 1, 0, 0, 0, 0, 0, 0, 1], [1, 0, 0, 1, 0, 0, 0, 0, 0, 0, 0, 1, 0, 1, 1, 0, 0, 1], [1, 0, 0, 1, 0, 0, 1, 1, 1, 0, 0, 0, 1, 0, 0, 0, 0, 1], [1, 0, 0, 1, 0, 1, 0, 1, 0, 0, 0, 0, 0, 0, 0, 0, 0, 1], [1, 0, 0, 0, 1, 2, 0, 0, 0, 0, 1, 0, 1, 0, 0, 0, 1, 1], [1, 0, 0, 0, 0, 0, 0, 0, 0, 0, 1, 0, 0, 0, 0, 1, 0, 1], [1, 1, 1, 1, 1, 1, 1, 1, 1, 1, 1, 1, 1, 1, 1, 1, 1, 1]], "players": [{"team": 1, "coords": [[10.0, 11.0], [9.0, 11.0], [9.0, 12.0], [9.0, 13.0], [8.0, 13.0], [8.0, 14.0], [7.0, 14.0], [6.0, 14.0], [5.0, 14.0], [5.0, 15.0], [4.0, 15.0], [3.0, 15.0], [3.0, 15.0], [3.0, 14.0], [2.0, 14.0], [2.0, 13.0], [2.0, 12.0], [2.0, 11.0], [2.0, 10.0], [2.0, 9.0], [2.0, 8.0], [2.0, 8.0], [2.0, 7.0], [2.0, 6.0], [2.0, 6.0], [2.0, 5.0]]}, {"team": 0, "coords": [[5.0, 12.0], [4.0, 12.0], [4.0, 13.0], [4.0, 12.0], [4.0, 13.0], [4.0, 13.0], [4.0, 13.0], [4.0, 13.0], [4.0, 13.0], [4.0, 13.0], [4.0, 13.0], [4.0, 13.0], [4.0, 13.0], [4.0, 13.0], [4.0, 13.0], [4.0, 13.0], [4.0, 13.0], [4.0, 12.0], [4.0, 13.0], [4.0, 13.0], [4.0, 13.0], [4.0, 13.0], [4.0, 13.0], [4.0, 13.0], [4.0, 13.0], [4.0, 13.0]]}, {"team": 0, "coords": [[15.0, 7.0], [14.0, 7.0], [14.0, 6.0], [14.0, 7.0], [14.0, 7.0], [15.0, 7.0], [14.0, 7.0], [14.0, 6.0], [13.0, 6.0], [13.0, 5.0], [13.0, 4.0], [14.0, 4.0], [14.0, 5.0], [14.0, 5.0], [14.0, 6.0], [14.0, 5.0], [14.0, 4.0], [14.0, 3.0], [13.0, 3.0], [12.0, 3.0], [12.0, 4.0], [12.0, 5.0], [12.0, 5.0], [12.0, 4.0], [13.0, 4.0], [13.0, 5.0]]}], "teams": [{"name": "attackers", "goals": [0, 0, 0, 0, 0, 0, 0, 1.0, 1.0, 1.0, 1.0, 1.0, 1.0, 1.0, 1.0, 1.0, 1.0, 1.0, 2.0, 2.0, 2.0, 2.0, 2.0, 2.0, 3.0], "goal_fraction": [0, 0, 0, 0, 0, 0, 0, 0.3333333333333333, 0.3333333333333333, 0.3333333333333333, 0.3333333333333333, 0.3333333333333333, 0.3333333333333333, 0.3333333333333333, 0.3333333333333333, 0.3333333333333333, 0.3333333333333333, 0.3333333333333333, 0.6666666666666666, 0.6666666666666666, 0.6666666666666666, 0.6666666666666666, 0.6666666666666666, 0.6666666666666666, 1.0]}, {"name": "defenders", "goals": [], "goal_fraction": []}]}