{"map": [[1, 1, 1, 1, 1, 1, 1, 1, 1, 1, 1, 1, 1, 1, 1, 1, 1], [1, 0, 0, 0, 0, 0, 0, 0, 0, 0, 0, 0, 0, 0, 0, 1, 1], [1, 0, 0, 0, 0, 0, 1, 0, 0, 0, 0, 1, 0, 0, 0, 0, 1], [1, 0, 0, 1, 0, 0, 0, 0, 0, 0, 0, 1, 0, 0, 0, 0, 1], [1, 0, 1, 0, 0, 0, 0, 1, 0, 0, 0, 0, 0, 0, 1, 0, 1], [1, 0, 1, 0, 0, 0, 1, 0, 0, 0, 0, 0, 0, 0, 0, 0, 1], [1, 0, 0, 1, 0, 0, 0, 1, 0, 0, 1, 0, 0, 0, 0, 0, 1], [1, 1, 0, 0, 0, 0, 0, 0, 1, 0, 0, 1, 1, 0, 0, 0, 1], [1, 0, 0, 0, 0, 0, 0, 0, 1, 1, 0, 0, 0, 0, 0, 0, 1], [1, 0, 2, 0, 0, 0, 0, 0, 2, 0, 0, 0, 1, 0, 1, 0, 1], [1, 0, 0, 0, 1, 0, 1, 0, 0, 0, 0, 1, 0, 0, 0, 0, 1], [1, 1, 0, 0, 0, 0, 0, 0, 0, 0, 0, 1, 0, 0, 0, 0, 1], [1, 0, 0, 0, 0, 1, 1, 1, 0, 0, 0, 1, 0, 0, 0, 0, 1], [1, 0, 1, 0, 0, 0, 2, 0, 1, 0, 0, 0, 1, 0, 0, 1, 1], [1, 1, 0, 0, 1, 1, 0, 0, 1, 1, 0, 0, 0, 0, 0, 0, 1], [1, 0, 1, 0, 0, 1, 0, 0, 0, 1, 0, 0, 0, 0, 0, 0, 1], [1, 0, 1, 0, 0, 0, 1, 0, 0, 0, 0, 0, 1, 0, 0, 0, 1], [1, 0, 1, 0, 0, 0, 1, 0, 1, 0, 0, 0, 0, 1, 1, 0, 1], [1, 0, 0, 0, 0, 0, 1, 0, 0, 1, 0, 0, 0, 0, 0, 1, 1], [1, 0, 0, 0, 0, 0, 0, 0, 0, 0, 0, 0, 0, 0, 0, 0, 1], [1, 1, 1, 1, 1, 1, 1, 1, 1, 1, 1, 1, 1, 1, 1, 1, 1]], "players": [{"team": 1, "coords": [[6.0, 6.0], [6.0, 7.0], [6.0, 8.0], [7.0, 8.0], [7.0, 9.0], [8.0, 9.0], [7.0, 9.0], [6.0, 9.0], [5.0, 9.0], [4.0, 9.0], [3.0, 9.0], [3.0, 9.0], [2.0, 9.0], [3.0, 9.0], [3.0, 10.0], [3.0, 11.0], [4.0, 11.0], [4.0, 12.0], [4.0, 13.0], [5.0, 13.0], [6.0, 13.0]]}, {"team": 0, "coords": [[3.0, 15.0], [3.0, 16.0], [3.0, 17.0], [3.0, 16.0], [3.0, 16.0], [3.0, 16.0], [3.0, 16.0], [4.0, 16.0], [4.0, 16.0], [4.0, 17.0], [5.0, 17.0], [4.0, 17.0], [5.0, 17.0], [5.0, 18.0], [5.0, 17.0], [4.0, 17.0], [3.0, 17.0], [4.0, 17.0], [5.0, 17.0], [5.0, 16.0], [4.0, 16.0]]}, {"team": 0, "coords": [[12.0, 3.0], [13.0, 3.0], [13.0, 3.0], [13.0, 4.0], [13.0, 3.0], [13.0, 4.0], [13.0, 4.0], [13.0, 3.0], [13.0, 3.0], [13.0, 2.0], [13.0, 2.0], [13.0, 3.0], [13.0, 2.0], [13.0, 1.0], [12.0, 1.0], [12.0, 1.0], [11.0, 1.0], [12.0, 1.0], [13.0, 1.0], [13.0, 1.0], [12.0, 1.0]]}], "teams": [{"name": "attackers", "goals": [0, 0, 0, 0, 1.0, 1.0, 1.0, 1.0, 1.0, 1.0, 1.0, 2.0, 2.0, 2.0, 2.0, 2.0, 2.0, 2.0, 2.0, 3.0], "goal_fraction": [0, 0, 0, 0, 0.3333333333333333, 0.3333333333333333, 0.3333333333333333, 0.3333333333333333, 0.3333333333333333, 0.3333333333333333, 0.3333333333333333, 0.6666666666666666, 0.6666666666666666, 0.6666666666666666, 0.6666666666666666, 0.6666666666666666, 0.6666666666666666, 0.6666666666666666, 0.6666666666666666, 1.0]}, {"name": "defenders", "goals": [], "goal_fraction": []}]}